model_name,rmse,mae,r2,acc_5min,rmse_non_zero,mae_non_zero,r2_non_zero,count_non_zero
LGBM_balanced_tuned,15.878178745091743,1.19211557036479,0.03959006400569964,97.02527882380497,129.88834437144988,55.77169763342017,-0.2081777593923979,1610
