{
    "accuracy": 0.9874977674584747,
    "roc_auc": 0.9384085511738347,
    "precision": 0.5555555555555556,
    "recall": 0.28619528619528617,
    "f1_score": 0.37777777777777777,
    "confusion_matrix": [
        [
            22031,
            68
        ],
        [
            212,
            85
        ]
    ],
    "classification_report": {
        "0": {
            "precision": 0.9904689115676842,
            "recall": 0.9969229376894883,
            "f1-score": 0.9936854449506112,
            "support": 22099.0
        },
        "1": {
            "precision": 0.5555555555555556,
            "recall": 0.28619528619528617,
            "f1-score": 0.37777777777777777,
            "support": 297.0
        },
        "accuracy": 0.9874977674584747,
        "macro avg": {
            "precision": 0.7730122335616199,
            "recall": 0.6415591119423872,
            "f1-score": 0.6857316113641945,
            "support": 22396.0
        },
        "weighted avg": {
            "precision": 0.9847013965321599,
            "recall": 0.9874977674584747,
            "f1-score": 0.9855177106609911,
            "support": 22396.0
        }
    },
    "target_distribution_test": {
        "0": 22099,
        "1": 297
    },
    "predicted_distribution_test": {
        "0": 22243,
        "1": 153
    }
}