{
    "mae": 1.265261575821279,
    "mse": 162.48052613476696,
    "rmse": 12.746784933259326,
    "r2_score": 0.062058466115906485,
    "target_actual_summary": {
        "count": 22396.0,
        "mean": 0.8201911055545633,
        "std": 13.162017700992672,
        "min": 0.0,
        "25%": 0.0,
        "50%": 0.0,
        "75%": 0.0,
        "max": 1067.0
    },
    "target_predicted_summary": {
        "count": 22396.0,
        "mean": 0.6760232715410872,
        "std": 3.4052738887248477,
        "min": 0.0,
        "25%": 0.08279592836826735,
        "50%": 0.15985998278484065,
        "75%": 0.25882644600186555,
        "max": 105.57047095683221
    },
    "mae_non_zero": 53.443174877350984,
    "rmse_non_zero": 106.98411326223366,
    "r2_non_zero": -0.246972676693894,
    "count_non_zero": 303
}