{
    "mae": 1.268484550812645,
    "mse": 165.68173892659402,
    "rmse": 12.871741876164004,
    "r2_score": 0.04357901810030107,
    "target_actual_summary": {
        "count": 22396.0,
        "mean": 0.8201911055545633,
        "std": 13.162017700992672,
        "min": 0.0,
        "25%": 0.0,
        "50%": 0.0,
        "75%": 0.0,
        "max": 1067.0
    },
    "target_predicted_summary": {
        "count": 22396.0,
        "mean": 0.7599571352027148,
        "std": 4.604180102532859,
        "min": 0.0,
        "25%": 0.0,
        "50%": 0.0,
        "75%": 0.0,
        "max": 149.86
    }
}