{
    "mae": 0.8409408975610232,
    "mse": 169.4997304309488,
    "rmse": 13.01920621355038,
    "r2_score": 0.021539128809317853,
    "target_actual_summary": {
        "count": 22396.0,
        "mean": 0.8201911055545633,
        "std": 13.162017700992672,
        "min": 0.0,
        "25%": 0.0,
        "50%": 0.0,
        "75%": 0.0,
        "max": 1067.0
    },
    "target_predicted_summary": {
        "count": 22396.0,
        "mean": 0.08722214239187913,
        "std": 0.8383924987769248,
        "min": 0.0,
        "25%": 0.005557704276995408,
        "50%": 0.011678594822985541,
        "75%": 0.021979746106211596,
        "max": 51.767784680024036
    },
    "mae_non_zero": 58.314549468757264,
    "rmse_non_zero": 111.87437726397995,
    "r2_non_zero": -0.36357684065730944,
    "count_non_zero": 303
}