{
    "model_type": "simam",
    "accuracy": 0.7333762208316276,
    "classification_report_dict": {
        "On Time / Slight Delay (<= 15 min)": {
            "precision": 0.9160820764643984,
            "recall": 0.7505567928730512,
            "f1-score": 0.8250997117245192,
            "support": 13919.0
        },
        "Delayed (15-60 min)": {
            "precision": 0.374816715542522,
            "recall": 0.6592520954223082,
            "f1-score": 0.47791540079457817,
            "support": 3102.0
        },
        "Significantly Delayed (60-120 min)": {
            "precision": 0.2009132420091324,
            "recall": 0.5945945945945946,
            "f1-score": 0.3003412969283277,
            "support": 74.0
        },
        "Severely Delayed (120-240 min)": {
            "precision": 0.2,
            "recall": 1.0,
            "f1-score": 0.3333333333333333,
            "support": 4.0
        },
        "Extremely Delayed (> 240 min)": {
            "precision": 0.0,
            "recall": 0.0,
            "f1-score": 0.0,
            "support": 0.0
        },
        "accuracy": 0.7333762208316276,
        "macro avg": {
            "precision": 0.33836240680321056,
            "recall": 0.6008806965779908,
            "f1-score": 0.38733794855615167,
            "support": 17099.0
        },
        "weighted avg": {
            "precision": 0.8146263204766091,
            "recall": 0.7333762208316276,
            "f1-score": 0.7597295192738988,
            "support": 17099.0
        }
    },
    "confusion_matrix_list": [
        [
            10447,
            3391,
            77,
            4,
            0
        ],
        [
            954,
            2045,
            98,
            5,
            0
        ],
        [
            3,
            20,
            44,
            7,
            0
        ],
        [
            0,
            0,
            0,
            4,
            0
        ],
        [
            0,
            0,
            0,
            0,
            0
        ]
    ]
}